number,question,answer
1,What types of coverage options do you offer for vehicle insurance?,"We offer a range of coverage options, including liability, collision, comprehensive, uninsured/underinsured motorist, and personal injury protection (PIP) coverage."
2,How is the premium for my vehicle insurance determined?,"Premiums are determined based on factors such as your driving record, the type of vehicle you own, your location, coverage options selected, and other personal details."
3,Can I customize my insurance policy to fit my specific needs and budget?,"Yes, we offer flexible policy options that can be tailored to suit your individual needs and budget."
4,Are there discounts available for safe driving or certain vehicle safety features?,"Yes, we offer discounts for safe driving, vehicle safety features, multiple policies, good grades for students, and more."
5,What should I do if I'm involved in an accident and need to file a claim?,"To file a claim, contact our claims department as soon as possible and provide them with all necessary information about the incident."
6,Can I choose my preferred repair shop for vehicle repairs after an accident?,"Yes, in many cases, you have the option to choose your preferred repair shop for vehicle repairs."
7,What happens if my vehicle is totaled in an accident?,"If your vehicle is deemed a total loss, we will pay you the actual cash value of the vehicle at the time of the accident, minus your deductible."
8,How does my driving history affect my insurance premium?,"Your driving history, including accidents and traffic violations, can impact your premium. A good driving record typically results in lower premiums."
9,Can I add additional drivers to my insurance policy?,"Yes, you can typically add additional drivers to your policy, but it may affect your premium based on their driving records."
10,Is roadside assistance included in my insurance policy?,Roadside assistance is available as an optional coverage that can be added to your policy for an additional fee.
11,Do you offer coverage for rental vehicles if my car is in the shop for repairs?,"Yes, we offer rental reimbursement coverage that can help cover the cost of a rental vehicle while your car is being repaired."
12,Are there any discounts for being a loyal customer or renewing my policy?,"Yes, we often offer loyalty discounts or discounts for policy renewals to our valued customers."
13,Can I change my coverage limits or deductible during my policy term?,"Yes, you can usually adjust your coverage limits and deductible during your policy term to better suit your needs."
14,How does my location affect my insurance premium?,"Your location can affect your premium due to factors such as crime rates, traffic congestion, and the likelihood of accidents in your area."
15,Is my personal property inside the vehicle covered by my insurance policy?,Personal property inside your vehicle is typically not covered by your vehicle insurance policy. You may need to look into renters or homeowners insurance for such coverage.
16,What happens if I miss a payment on my insurance premium?,"If you miss a payment, there may be a grace period during which you can make the payment without affecting your coverage. If not, your policy may be cancelled for non-payment."
17,Can I transfer my insurance policy to a new vehicle if I buy a different car?,"Yes, you can usually transfer your insurance policy to a new vehicle. Contact us to update your policy with the new vehicle details."
18,Are there any restrictions on how I use my vehicle for work or business purposes?,Some policies may have restrictions on using your vehicle for specific business purposes. It's important to discuss your usage with us to ensure you have appropriate coverage.
19,How can I lower my insurance premium without sacrificing coverage?,"You can potentially lower your premium by raising your deductible, qualifying for discounts, bundling policies, maintaining a good driving record, and more."
20,"Can you explain the claims process in detail, including how long it typically takes to settle a claim?","Certainly! The claims process involves reporting the incident, assessing the damage, determining liability, estimating repairs, and processing the claim. The time to settle a claim varies based on the complexity and severity of the incident, but we strive to settle claims as quickly and efficiently as possible."
